eps,sample_id,l2_norm,cpop,log_l2,log_cpop
0.0,0,0.0,0.1865289211273193,,-0.7292538216985922
0.0,1,0.0,0.0566404163837432,,-1.2468735626541394
0.0,2,0.0,0.0888646841049194,,-1.0512707985979142
0.0,3,0.0,0.1388817727565765,,-0.8573547485797
0.0,4,0.0,0.0698172599077224,,-1.1560371997829062
0.0,5,0.0,0.28357994556427,,-0.5473244851911283
0.0,6,0.0,0.0596707910299301,,-1.2242382048631826
0.0,7,0.0,0.1267004311084747,,-0.8972219073919088
0.0,8,0.0,0.029216319322586,,-1.5343744974563378
0.0,9,0.0,0.1538376361131668,,-0.8129374021373291
0.0,10,0.0,0.2465032637119293,,-0.6081773262743857
0.0,11,0.0,0.0273128002882003,,-1.5636337708464565
0.0,12,0.0,0.1152941733598709,,-0.9381926401606054
0.0,13,0.0,0.2138692289590835,,-0.669851696282123
0.0,14,0.0,0.1265453994274139,,-0.8977536390446927
0.0,15,0.0,0.1596234142780304,,-0.7969034040509835
0.0,16,0.0,0.0984457433223724,,-1.0068030575001756
0.0,17,0.0,0.0432425737380981,,-1.3640884653433933
0.0,18,0.0,0.1336654275655746,,-0.8739809080640271
0.0,19,0.0,0.219995379447937,,-0.6575864405475086
0.0,20,0.0,0.6505774259567261,,-0.18670101014810048
0.0,21,0.0,0.1071689426898956,,-0.9699310539399885
0.0,22,0.0,0.3190869688987732,,-0.49609093147215655
0.0,23,0.0,0.1501456350088119,,-0.8234872889671099
0.0,24,0.0,0.189818724989891,,-0.7216609480801444
0.0,25,0.0,0.154398500919342,,-0.811356920616981
0.0,26,0.0,0.0805141478776931,,-1.094127799068882
0.0,27,0.0,0.0850526541471481,,-1.070312129276866
0.0,28,0.0,0.0359255224466323,,-1.4445969074236693
0.0,29,0.0,0.1026463657617569,,-0.9886564224020623
0.0,30,0.0,0.1954170167446136,,-0.7090376209831271
0.0,31,0.0,0.080962523818016,,-1.0917159621748094
0.0,32,0.0,0.1389784514904022,,-0.8570525315752617
0.0,33,0.0,0.1278496533632278,,-0.8933004451319084
0.0,34,0.0,0.2595305442810058,,-0.585811522470363
0.0,35,0.0,0.1770434230566024,,-0.7519202021071086
0.0,36,0.0,0.0292299538850784,,-1.5341718698109448
0.0,37,0.0,0.2104140073060989,,-0.6769253524781016
0.0,38,0.0,0.2756734490394592,,-0.5596050601217355
0.0,39,0.0,0.1780367046594619,,-0.7494904528160282
0.0,40,0.0,0.1568549573421478,,-0.8045017510349782
0.0,41,0.0,0.0757310688495636,,-1.1207259136072945
0.0,42,0.0,0.126677319407463,,-0.8973011352185367
0.0,43,0.0,0.0358293652534484,,-1.4457608856481954
0.0,44,0.0,0.0408852100372314,,-1.3884337668301516
0.0,45,0.0,0.0749649703502655,,-1.1251416264408236
0.0,46,0.0,0.060532659292221,,-1.2180102464481226
0.0,47,0.0,0.1333816647529602,,-0.8749038664007032
0.0,48,0.0,0.1258110255002975,,-0.9002812976497294
0.0,49,0.0,0.0349366217851638,,-1.4567190916539663
0.05,0,0.049999985843896866,0.18668150901794434,-1.301030158996582,-0.7288987040519714
0.05,1,0.049999989569187164,0.06994076073169708,-1.3010300397872925,-1.1552696228027344
0.05,2,0.04999999701976776,0.28417378664016724,-1.3010300397872925,-0.5464159846305847
0.05,3,0.049999918788671494,0.029221653938293457,-1.3010307550430298,-1.5342952013015747
0.05,4,0.049997348338365555,0.11496972292661667,-1.3010530471801758,-0.9394165277481079
0.05,5,0.049998655915260315,0.15993183851242065,-1.3010417222976685,-0.796065092086792
0.05,6,0.0499996542930603,0.04330155998468399,-1.3010330200195312,-1.3634964227676392
0.05,7,0.049999821931123734,0.13389873504638672,-1.3010315895080566,-0.8732235431671143
0.05,8,0.04999957233667374,0.3188617527484894,-1.3010337352752686,-0.49639755487442017
0.05,9,0.04999949038028717,0.08471256494522095,-1.3010344505310059,-1.0720521211624146
0.05,10,0.04999999701976776,0.10285616666078568,-1.3010300397872925,-0.9877696633338928
0.05,11,0.050000011920928955,0.25928017497062683,-1.301029920578003,-0.5862307548522949
0.05,12,0.049997828900814056,0.2763938009738922,-1.3010488748550415,-0.5584716796875
0.05,13,0.049999989569187164,0.17744393646717072,-1.3010300397872925,-0.7509388327598572
0.05,14,0.0499972328543663,0.07469871640205383,-1.3010540008544922,-1.1266868114471436
0.05,15,0.04994732886552811,0.37573838233947754,-1.301487684249878,-0.4251144528388977
0.05,16,0.049997296184301376,0.40851718187332153,-1.301053524017334,-0.38878968358039856
0.05,17,0.04999997466802597,0.0210164412856102,-1.301030158996582,-1.677440881729126
0.05,18,0.049999985843896866,0.17333585023880005,-1.301030158996582,-0.7611116170883179
0.05,19,0.049983762204647064,0.076436847448349,-1.301171064376831,-1.1166971921920776
0.05,20,0.04998276010155678,0.09612108767032623,-1.3011797666549683,-1.0171812772750854
0.05,21,0.04999997466802597,0.05763630568981171,-1.301030158996582,-1.2393038272857666
0.05,22,0.04999877139925957,0.21067482233047485,-1.3010406494140625,-0.676387369632721
0.05,23,0.049999967217445374,0.26079607009887695,-1.3010302782058716,-0.5836989879608154
0.05,24,0.049999020993709564,0.11220020055770874,-1.3010385036468506,-0.950006365776062
0.05,25,0.049999870359897614,0.2960576117038727,-1.3010311126708984,-0.5286238193511963
0.05,26,0.04999937862157822,0.08086155354976654,-1.3010354042053223,-1.0922579765319824
0.05,27,0.05000002682209015,0.08544325083494186,-1.3010298013687134,-1.0683221817016602
0.05,28,0.04999997094273567,0.16548913717269897,-1.3010302782058716,-0.7812305092811584
0.05,29,0.05000000074505806,0.108736053109169,-1.3010300397872925,-0.9636264443397522
0.05,30,0.05000000447034836,0.10206574201583862,-1.301029920578003,-0.9911199808120728
0.05,31,0.04999968409538269,0.11816150695085526,-1.3010327816009521,-0.9275239706039429
0.05,32,0.04999982565641403,0.052268266677856445,-1.301031470298767,-1.281761884689331
0.05,33,0.04999976605176926,0.13851183652877808,-1.3010320663452148,-0.8585131168365479
0.05,34,0.04999998211860657,0.22814017534255981,-1.301030158996582,-0.6417982578277588
0.05,35,0.049999263137578964,0.12463624030351639,-1.3010363578796387,-0.9043556451797485
0.05,36,0.04999909549951553,0.02899204194545746,-1.3010377883911133,-1.5377211570739746
0.05,37,0.049999065697193146,0.24935440719127655,-1.301038146018982,-0.6031829714775085
0.05,38,0.04999972879886627,0.07193025946617126,-1.301032304763794,-1.1430883407592773
0.05,39,0.04999997094273567,0.2987437844276428,-1.3010302782058716,-0.5247011184692383
0.05,40,0.0499984547495842,0.10510659217834473,-1.3010433912277222,-0.9783700704574585
0.05,41,0.049999818205833435,0.0976252555847168,-1.3010315895080566,-1.0104378461837769
0.05,42,0.04999953880906105,0.18325185775756836,-1.3010339736938477,-0.7369515895843506
0.05,43,0.049999237060546875,0.05560353398323059,-1.3010365962982178,-1.2548975944519043
0.05,44,0.049999818205833435,0.09934548288583755,-1.3010315895080566,-1.0028518438339233
0.05,45,0.04999982565641403,0.22244848310947418,-1.301031470298767,-0.6527705788612366
0.05,46,0.05000000447034836,0.16835610568523407,-1.301029920578003,-0.7737711668014526
0.05,47,0.049999915063381195,0.14846675097942352,-1.3010307550430298,-0.8283708095550537
0.05,48,0.04999980330467224,0.10109011083841324,-1.3010317087173462,-0.9952913522720337
0.05,49,0.049999527633190155,0.10748474299907684,-1.3010340929031372,-0.9686532020568848
0.1,0,0.10000001639127731,0.18614506721496582,-0.9999999403953552,-0.7301484942436218
0.1,1,0.09999996423721313,0.07008612900972366,-1.0000001192092896,-1.1543679237365723
0.1,2,0.09999998658895493,0.2835918664932251,-1.0,-0.54730623960495
0.1,3,0.10000002384185791,0.1269419640302658,-0.9999998807907104,-0.8963947892189026
0.1,4,0.09999987483024597,0.029218211770057678,-1.0000005960464478,-1.534346342086792
0.1,5,0.09999935328960419,0.02733664959669113,-1.0000028610229492,-1.563254714012146
0.1,6,0.09998578578233719,0.11452633142471313,-1.0000617504119873,-0.9410946369171143
0.1,7,0.09999237209558487,0.21367236971855164,-1.0000331401824951,-0.6702516078948975
0.1,8,0.0999935045838356,0.15975800156593323,-1.0000282526016235,-0.7965373992919922
0.1,9,0.09999924898147583,0.04331169277429581,-1.0000032186508179,-1.363394856452942
0.1,10,0.09999974817037582,0.13392455875873566,-1.000001072883606,-0.8731397390365601
0.1,11,0.09999998658895493,0.219436377286911,-1.0,-0.65869140625
0.1,12,0.09999999403953552,0.10716155171394348,-1.0,-0.9699609875679016
0.1,13,0.09999904781579971,0.31751567125320435,-1.0000041723251343,-0.4982348382472992
0.1,14,0.09999903291463852,0.08478129655122757,-1.0000041723251343,-1.0716999769210815
0.1,15,0.10000000149011612,0.1026032567024231,-1.0,-0.9888388514518738
0.1,16,0.09999927878379822,0.08044528216123581,-1.0000030994415283,-1.0944994688034058
0.1,17,0.10000000149011612,0.2591261565685272,-1.0,-0.5864887833595276
0.1,18,0.09997893869876862,0.17809277772903442,-1.0000914335250854,-0.7493537068367004
0.1,19,0.09999966621398926,0.029234901070594788,-1.0000014305114746,-1.5340983867645264
0.1,20,0.09999406337738037,0.27536511421203613,-1.000025749206543,-0.5600910782814026
0.1,21,0.09999998658895493,0.1769852638244629,-1.0,-0.7520629167556763
0.1,22,0.10000000149011612,0.15656214952468872,-1.0,-0.805313229560852
0.1,23,0.09999985247850418,0.07551045715808868,-1.0000005960464478,-1.1219929456710815
0.1,24,0.09999977797269821,0.12635305523872375,-1.0000009536743164,-0.8984142541885376
0.1,25,0.09999450296163559,0.07465086877346039,-1.0000238418579102,-1.1269651651382446
0.1,26,0.09999959170818329,0.0607176199555397,-1.0000017881393433,-1.2166852951049805
0.1,27,0.10000000149011612,0.04247196018695831,-1.0,-1.3718976974487305
0.1,28,0.09990791231393814,0.37553203105926514,-1.0004000663757324,-0.4253530204296112
0.1,29,0.09999819844961166,0.4054871201515198,-1.0000078678131104,-0.3920229375362396
0.1,30,0.09999992698431015,0.02089352160692215,-1.0000003576278687,-1.6799883842468262
0.1,31,0.09999996423721313,0.17361199855804443,-1.0000001192092896,-0.7604202628135681
0.1,32,0.10000003129243851,0.11771251261234283,-0.9999998807907104,-0.9291773438453674
0.1,33,0.0999741479754448,0.07612879574298859,-1.0001122951507568,-1.1184509992599487
0.1,34,0.09996391087770462,0.09608107060194016,-1.0001567602157593,-1.017362117767334
0.1,35,0.09999995678663254,0.05754338204860687,-1.000000238418579,-1.2400046586990356
0.1,36,0.09999804198741913,0.2104007601737976,-1.000008463859558,-0.6769527196884155
0.1,37,0.09999995678663254,0.2610156834125519,-1.000000238418579,-0.583333432674408
0.1,38,0.09999840706586838,0.11203692108392715,-1.000006914138794,-0.9506388306617737
0.1,39,0.09998533129692078,0.20847061276435852,-1.0000636577606201,-0.680955171585083
0.1,40,0.09999996423721313,0.0915093794465065,-1.0000001192092896,-1.03853440284729
0.1,41,0.09999975562095642,0.2954893708229065,-1.000001072883606,-0.5294581651687622
0.1,42,0.09999913722276688,0.08082903921604156,-1.000003695487976,-1.0924326181411743
0.1,43,0.09999838471412659,0.1313040554523468,-1.0000070333480835,-0.8817218542098999
0.1,44,0.09999998658895493,0.08551977574825287,-1.0,-1.067933440208435
0.1,45,0.09999985992908478,0.16545507311820984,-1.0000005960464478,-0.7813199162483215
0.1,46,0.09999927133321762,0.0424487367272377,-1.0000032186508179,-1.3721352815628052
0.1,47,0.10000000149011612,0.10867488384246826,-1.0,-0.9638708233833313
0.1,48,0.09999997913837433,0.1020653173327446,-1.0000001192092896,-0.9911218285560608
0.1,49,0.09999972581863403,0.2687309980392456,-1.0000011920928955,-0.5706822872161865
0.2,0,0.20000000298023224,0.18574261665344238,-0.6989700198173523,-0.7310884594917297
0.2,1,0.20000000298023224,0.08881986886262894,-0.6989700198173523,-1.0514898300170898
0.2,2,0.19999997317790985,0.13867062330245972,-0.6989700794219971,-0.8580155372619629
0.2,3,0.19999997317790985,0.06994908303022385,-0.6989700794219971,-1.1552180051803589
0.2,4,0.19999997317790985,0.28087568283081055,-0.6989700794219971,-0.5514858961105347
0.2,5,0.20000001788139343,0.12659952044487,-0.6989699602127075,-0.8975679874420166
0.2,6,0.1999998837709427,0.029251858592033386,-0.6989702582359314,-1.5338464975357056
0.2,7,0.19999998807907104,0.2442193329334259,-0.6989700198173523,-0.6122199296951294
0.2,8,0.1999988704919815,0.027269922196865082,-0.6989724636077881,-1.5643161535263062
0.2,9,0.19992612302303314,0.11481798440217972,-0.6991304755210876,-0.9399901032447815
0.2,10,0.19998694956302643,0.21250221133232117,-0.6989983320236206,-0.6726365685462952
0.2,11,0.1999783217906952,0.1592845618724823,-0.6990171074867249,-0.7978262901306152
0.2,12,0.19999977946281433,0.09811187535524368,-0.6989704966545105,-1.0082783699035645
0.2,13,0.19999705255031586,0.043274059891700745,-0.6989763975143433,-1.3637723922729492
0.2,14,0.1999986320734024,0.13357853889465332,-0.6989730000495911,-0.8742632865905762
0.2,15,0.20000000298023224,0.21866858005523682,-0.6989700198173523,-0.6602135896682739
0.2,16,0.20000003278255463,0.1067308560013771,-0.6989699602127075,-0.9717100262641907
0.2,17,0.19999732077121735,0.31422606110572815,-0.6989758014678955,-0.5027577877044678
0.2,18,0.19999736547470093,0.18853338062763214,-0.6989757418632507,-0.724611759185791
0.2,19,0.19999998807907104,0.08035317808389664,-0.6989700198173523,-1.0949969291687012
0.2,20,0.19999819993972778,0.08476793766021729,-0.6989738941192627,-1.0717684030532837
0.2,21,0.20000000298023224,0.10263337939977646,-0.6989700198173523,-0.9887113571166992
0.2,22,0.19999584555625916,0.1939065009355545,-0.6989790201187134,-0.712407648563385
0.2,23,0.1999979466199875,0.0802236869931221,-0.6989744901657104,-1.0956974029541016
0.2,24,0.20000000298023224,0.2573474049568176,-0.6989700198173523,-0.5894802212715149
0.2,25,0.19995591044425964,0.17683784663677216,-0.6990657448768616,-0.7524247765541077
0.2,26,0.19999931752681732,0.029319196939468384,-0.6989715099334717,-1.5328478813171387
0.2,27,0.19998541474342346,0.27513840794563293,-0.699001669883728,-0.5604487657546997
0.2,28,0.19999998807907104,0.1765887439250946,-0.6989700198173523,-0.7530369758605957
0.2,29,0.20000001788139343,0.15555085241794586,-0.6989699602127075,-0.8081276416778564
0.2,30,0.1999995857477188,0.0751166120171547,-0.6989709138870239,-1.1242640018463135
0.2,31,0.19999876618385315,0.12602417171001434,-0.6989727020263672,-0.8995461463928223
0.2,32,0.19999995827674866,0.03579375892877579,-0.6989700794219971,-1.446192741394043
0.2,33,0.19998937845230103,0.07462576776742935,-0.6989930868148804,-1.1271111965179443
0.2,34,0.19999870657920837,0.060500018298625946,-0.6989728212356567,-1.2182445526123047
0.2,35,0.19999977946281433,0.12587668001651764,-0.6989704966545105,-0.9000546932220459
0.2,36,0.19999995827674866,0.0348844975233078,-0.6989700794219971,-1.4573675394058228
0.2,37,0.19999995827674866,0.13013818860054016,-0.6989700794219971,-0.8855952024459839
0.2,38,0.19999995827674866,0.04250026494264603,-0.6989700794219971,-1.3716083765029907
0.2,39,0.19984345138072968,0.3731083571910858,-0.6993100643157959,-0.4281650185585022
0.2,40,0.19990278780460358,0.12253161519765854,-0.6991811394691467,-0.9117518663406372
0.2,41,0.1999960094690323,0.3992825150489807,-0.6989786624908447,-0.3987196981906891
0.2,42,0.1999998837709427,0.020966120064258575,-0.6989702582359314,-1.678481936454773
0.2,43,0.19999997317790985,0.1734863519668579,-0.6989700794219971,-0.7607346773147583
0.2,44,0.19999979436397552,0.2451411634683609,-0.6989704370498657,-0.6105837821960449
0.2,45,0.20000001788139343,0.11752468347549438,-0.6989699602127075,-0.9298709034919739
0.2,46,0.19999989867210388,0.4474451541900635,-0.6989701986312866,-0.3492601811885834
0.2,47,0.19994638860225677,0.07630032300949097,-0.6990864276885986,-1.1174736022949219
0.2,48,0.19999974966049194,0.1132243350148201,-0.6989705562591553,-0.9460602402687073
0.2,49,0.19999992847442627,0.0492832213640213,-0.6989701390266418,-1.3073009252548218
0.3,0,0.2999999821186065,0.1849801987409591,-0.5228787711663068,-0.7328747582877533
0.3,1,0.2999999523162842,0.0564914792776107,-0.5228788143095919,-1.248017052743014
0.3,2,0.2999999821186065,0.0884003639221191,-0.5228787711663068,-1.053545947101827
0.3,3,0.2999999523162842,0.138384461402893,-0.5228788143095919,-0.8589126722046674
0.3,4,0.2999999523162842,0.0699177235364914,-0.5228788143095919,-1.1554127204141964
0.3,5,0.2999999523162842,0.2784701585769653,-0.5228788143095919,-0.5552213378681313
0.3,6,0.3000000417232513,0.0593357533216476,-0.5228786848797491,-1.226683539498317
0.3,7,0.3000000417232513,0.1269855201244354,-0.5228786848797491,-0.8962457978517302
0.3,8,0.2999999225139618,0.0290945172309875,-0.5228788574528814,-1.5361888447141738
0.3,9,0.2997680604457855,0.1527306735515594,-0.5232146420384175,-0.8160737329736972
0.3,10,0.2665999233722687,0.2432087957859039,-0.5741399797496377,-0.6140207226056937
0.3,11,0.299998015165329,0.0273249447345733,-0.5228816186323265,-1.5634407077494994
0.3,12,0.2998724281787872,0.1147421896457672,-0.5230634636845574,-0.9402768666550736
0.3,13,0.2999872267246246,0.2107944339513778,-0.5228972368840422,-0.6761408608983759
0.3,14,0.3000000119209289,0.1257986426353454,-0.5228787280230258,-0.9003240448936094
0.3,15,0.2908382713794708,0.1588061153888702,-0.5363484452844924,-0.7991327775480701
0.3,16,0.2999995648860931,0.0980048179626464,-0.5228793751726903,-1.008752573663031
0.3,17,0.2999972105026245,0.0432729423046112,-0.5228827835101701,-1.3637835743364408
0.3,18,0.2999970614910126,0.1326072812080383,-0.5228829992286322,-0.8774326290107612
0.3,19,0.3000000119209289,0.2174540311098098,-0.5228787280230258,-0.6626325370788048
0.3,20,0.2999996840953827,0.604689359664917,-0.522879202599352,-0.21846767333133074
0.3,21,0.2999999523162842,0.106837972998619,-0.5228788143095919,-0.9712743602974777
0.3,22,0.2999967634677887,0.3096879720687866,-0.5228834306658778,-0.5090756618230452
0.3,23,0.2999976277351379,0.1486395448446273,-0.5228821794990465,-0.8278656332197111
0.3,24,0.2999953329563141,0.1863045990467071,-0.5228855015706229,-0.7297764241378213
0.3,25,0.3000000119209289,0.1528624296188354,-0.5228787280230258,-0.8156992419532705
0.3,26,0.3000000119209289,0.0804489403963089,-0.5228787280230258,-1.09447967167765
0.3,27,0.2999978363513946,0.0849059075117111,-0.5228818774937996,-1.0710620917291656
0.3,28,0.3000000119209289,0.0358874499797821,-0.5228787280230258,-1.4450573998181755
0.3,29,0.3000000119209289,0.1020813584327697,-0.5228787280230258,-0.9910535592740639
0.3,30,0.2999896109104156,0.1932131052017212,-0.5228937852883541,-0.7139634197229783
0.3,31,0.2999977469444275,0.080084353685379,-0.5228820069245939,-1.0964523250125024
0.3,32,0.3000000417232513,0.1383751928806305,-0.5228786848797491,-0.8589417607514495
0.3,33,0.2999999225139618,0.1270741671323776,-0.5228788574528814,-0.8959427280623858
0.3,34,0.3000000119209289,0.2562868297100067,-0.5228787280230258,-0.5912737111440168
0.3,35,0.299927681684494,0.1763432919979095,-0.5229834493854348,-0.7536410560061371
0.3,36,0.2999988496303558,0.029125303030014,-0.5228804106141592,-1.535729547388129
0.3,37,0.2777295410633087,0.2084542363882064,-0.5563779234962458,-0.6809892743379923
0.3,38,0.2999289929866791,0.2731027007102966,-0.5229815506275244,-0.5636740051045743
0.3,39,0.2999999523162842,0.1759824007749557,-0.5228788143095919,-0.7545307618931996
0.3,40,0.3000000417232513,0.1548166126012802,-0.5228786848797491,-0.8101824391701666
0.3,41,0.2999991476535797,0.0751373171806335,-0.5228799791799137,-1.1241443157198985
0.3,42,0.2999995946884155,0.125461995601654,-0.5228793320293492,-0.9014878088448055
0.3,43,0.2999999523162842,0.0356752723455429,-0.5228788143095919,-1.4476327027903306
0.3,44,0.2999997437000274,0.0407125204801559,-0.5228791163127088,-1.390272009958137
0.3,45,0.2999781370162964,0.0746476054191589,-0.5229103963442642,-1.126984119217263
0.3,46,0.2999977171421051,0.0605664104223251,-0.5228820500682005,-1.217768164820637
0.3,47,0.299989104270935,0.133140280842781,-0.5228945187501426,-0.8756905312934555
0.3,48,0.2999998927116394,0.125127911567688,-0.5228789005961753,-0.9026458039136713
0.3,49,0.2999997735023498,0.0349790453910827,-0.5228790731693935,-1.4561920469740448
0.5,0,0.5,0.182912990450859,-0.3010299956639812,-0.7377554499047471
0.5,1,0.499998927116394,0.0561000108718872,-0.3010309275598406,-1.2510370545798428
0.5,2,0.4999956786632538,0.088063046336174,-0.30103374914560793,-1.055206295209596
0.5,3,0.4999998807907104,0.1362369656562805,-0.3010300992078669,-0.8657050377803999
0.5,4,0.4999999105930328,0.0696531385183334,-0.30103007332189313,-1.1570593098145436
0.5,5,0.4999998807907104,0.2691900134086609,-0.3010300992078669,-0.5699410558966541
0.5,6,0.4999998211860657,0.0591077506542205,-0.3010301509798189,-1.2283555674155728
0.5,7,0.4999999403953552,0.125091940164566,-0.30103004743592093,-0.9027706715601163
0.5,8,0.4935102462768554,0.0289425104856491,-0.3067038260636382,-1.538463800695322
0.5,9,0.4997507333755493,0.1493771374225616,-0.30124655988974436,-0.8257158673868987
0.5,10,0.4412159919738769,0.2346051931381225,-0.35534875484439843,-0.6296623787240345
0.5,11,0.4999940097332001,0.0273593366146087,-0.30103519877478196,-1.5628944372190137
0.5,12,0.4998187720775604,0.1139466017484664,-0.3011874367717946,-0.943298622338771
0.5,13,0.4999776184558868,0.2045643478631973,-0.3010494364613092,-0.6891700542771462
0.5,14,0.5,0.1235558092594146,-0.3010299956639812,-0.9081368304319049
0.5,15,0.5,0.0520518571138381,-0.3010299956639812,-1.2835637710544219
0.5,16,0.3974435031414032,0.1576992571353912,-0.4007245978698371,-0.802170352471733
0.5,17,0.4999975562095642,0.0971232056617736,-0.3010321183185709,-1.012676991649344
0.5,18,0.4999999403953552,0.0986287742853164,-0.30103004743592093,-1.0059963640621434
0.5,19,0.4999871551990509,0.0430806130170822,-0.3010411526596379,-1.3657181255216433
0.5,20,0.4999929666519165,0.0763903260231018,-0.3010361047954729,-1.1169616364609714
0.5,21,0.4999995231628418,0.1305635273456573,-0.30103040983967183,-0.8841781253942789
0.5,22,0.4839680790901184,0.1575289219617843,-0.3151832820171367,-0.8026396990471774
0.5,23,0.4999999105930328,0.2132079750299453,-0.30103007332189313,-0.6711965545857973
0.5,24,0.4999992251396179,0.5481010675430298,-0.3010306686996791,-0.26113935204639943
0.5,25,0.4999999701976776,0.1051604598760604,-0.3010300215499503,-0.978147523353059
0.5,26,0.4999995529651642,0.0918936878442764,-0.3010303839536796,-1.0367143191748063
0.5,27,0.4999963939189911,0.2963080108165741,-0.30103312787744313,-0.5282566070201029
0.5,28,0.4999926686286926,0.1463342010974884,-0.3010363636588746,-0.8346541590966751
0.5,29,0.4999816119670868,0.1831704080104828,-0.30104596760013,-0.737144687195567
0.5,30,0.4999999701976776,0.1488232016563415,-0.3010300215499503,-0.8273293566542282
0.5,31,0.4999923706054687,0.0722003579139709,-0.3010366225224307,-1.1414606495262434
0.5,32,0.4999999701976776,0.0802172571420669,-0.3010300215499503,-1.0957321918735712
0.5,33,0.4999960064888,0.0846491754055023,-0.3010334643975888,-1.0723772681348973
0.5,34,0.4999999701976776,0.0358639508485794,-0.3010300215499503,-1.445341869340942
0.5,35,0.4999999701976776,0.1010848730802536,-0.3010300215499503,-0.9953138298620274
0.5,36,0.4999450743198395,0.1870515793561935,-0.30107770612417567,-0.7280386205169171
0.5,37,0.4999851584434509,0.0800250321626663,-0.30104288706753485,-1.0967741426375546
0.5,38,0.4999999701976776,0.1366191804409027,-0.3010300215499503,-0.8644883242644337
0.5,39,0.4999997913837433,0.124453455209732,-0.30103017686579725,-0.9049930415408046
0.5,40,0.4999999403953552,0.2444245666265487,-0.30103004743592093,-0.6118551461620383
0.5,41,0.4997855126857757,0.1084717959165573,-0.30121633694869276,-0.9646831693739991
0.5,42,0.4998637735843658,0.1756181120872497,-0.30114833654706646,-0.7554306958677757
0.5,43,0.4999979436397552,0.0290895253419876,-0.3010317817994684,-1.5362633651413007
0.5,44,0.4997737407684326,0.2004548162221908,-0.3012265664147821,-0.6979835047235454
0.5,45,0.4996875524520874,0.2619444131851196,-0.30130146898587706,-0.5817908598568
0.5,46,0.4999999105930328,0.173943892121315,-0.30103007332189313,-0.7595908164971947
0.5,47,0.3132856488227844,0.1554139256477356,-0.5040594990851814,-0.8085100694411107
0.5,48,0.499996155500412,0.0750143527984619,-0.3010333349667327,-1.1248556333441841
0.5,49,0.4120686948299408,0.125073105096817,-0.38503037790209227,-0.9028360681145917
0.7,0,0.699999988079071,0.17638519406318665,-0.15490198135375977,-0.7535378932952881
0.7,1,0.6999940872192383,0.05548396706581116,-0.15490563213825226,-1.255832552909851
0.7,2,0.6999938488006592,0.08728869259357452,-0.1549057811498642,-1.059041976928711
0.7,3,0.6999999284744263,0.1360449194908142,-0.15490201115608215,-0.8663176894187927
0.7,4,0.699998140335083,0.0694228783249855,-0.1549031138420105,-1.1584973335266113
0.7,5,0.7000000476837158,0.24951930344104767,-0.15490193665027618,-0.6028958559036255
0.7,6,0.6999998092651367,0.05804416537284851,-0.15490207076072693,-1.2362414598464966
0.7,7,0.6999984383583069,0.12082963436841965,-0.15490293502807617,-0.9178265333175659
0.7,8,0.6999956965446472,0.0782475620508194,-0.15490463376045227,-1.1065292358398438
0.7,9,0.6009289026260376,0.02896178513765335,-0.2211769074201584,-1.5381746292114258
0.7,10,0.6996544599533081,0.14480188488960266,-0.15511639416217804,-0.8392257690429688
0.7,11,0.6607010960578918,0.2172785848379135,-0.17999498546123505,-0.6629830598831177
0.7,12,0.699999988079071,0.08314399421215057,-0.15490198135375977,-1.0801690816879272
0.7,13,0.6999865174293518,0.02717481553554535,-0.15491032600402832,-1.5658334493637085
0.7,14,0.6999643445014954,0.1116381585597992,-0.15492407977581024,-0.9521873593330383
0.7,15,0.6999626159667969,0.19070735573768616,-0.1549251526594162,-0.7196325659751892
0.7,16,0.6379104852676392,0.12138627469539642,-0.19524025917053223,-0.9158304333686829
0.7,17,0.6999998688697815,0.051702409982681274,-0.15490204095840454,-1.2864892482757568
0.7,18,0.5514857769012451,0.15431128442287445,-0.2584656774997711,-0.8116022944450378
0.7,19,0.6999965906143188,0.09451138973236084,-0.1549040824174881,-1.0245158672332764
0.7,20,0.7000000476837158,0.09664716571569443,-0.15490193665027618,-1.0148109197616577
0.7,21,0.6999874711036682,0.04278959333896637,-0.15490974485874176,-1.368661880493164
0.7,22,0.6999417543411255,0.07532831281423569,-0.15493810176849365,-1.1230417490005493
0.7,23,0.699998140335083,0.12684082984924316,-0.1549031138420105,-0.8967409133911133
0.7,24,0.6866459846496582,0.15131862461566925,-0.163267120718956,-0.820107638835907
0.7,25,0.6999958753585815,0.20525118708610535,-0.1549045294523239,-0.6877143383026123
0.7,26,0.6999996304512024,0.495828777551651,-0.15490218997001648,-0.30466827750205994
0.7,27,0.6731676459312439,0.2682710886001587,-0.17187675833702087,-0.5714261531829834
0.7,28,0.699999988079071,0.10294666141271591,-0.15490198135375977,-0.9873877167701721
0.7,29,0.6999976634979248,0.09067706018686295,-0.15490341186523438,-1.042502522468567
0.7,30,0.6654857993125916,0.2821347713470459,-0.1768612116575241,-0.5495433807373047
0.7,31,0.6498262882232666,0.14721396565437317,-0.18720273673534393,-0.8320509791374207
0.7,32,0.6999685764312744,0.17365533113479614,-0.15492145717144012,-0.7603119015693665
0.7,33,0.6646512746810913,0.1476222425699234,-0.1774061620235443,-0.830848217010498
0.7,34,0.6999764442443848,0.0717785432934761,-0.15491656959056854,-1.144005298614502
0.7,35,0.6999999284744263,0.07919296622276306,-0.15490201115608215,-1.1013133525848389
0.7,36,0.6115598678588867,0.08017238229513168,-0.2135610282421112,-1.0959751605987549
0.7,37,0.6999927163124084,0.08323558419942856,-0.1549064815044403,-1.079690933227539
0.7,38,0.6308580040931702,0.03572845458984375,-0.2000683844089508,-1.4469857215881348
0.7,39,0.699999988079071,0.0992085337638855,-0.15490198135375977,-1.0034509897232056
0.7,40,0.6998825073242188,0.18316811323165894,-0.15497486293315887,-0.7371501326560974
0.7,41,0.6999729871749878,0.07867386192083359,-0.15491871535778046,-1.104169487953186
0.7,42,0.6358911395072937,0.13519586622714996,-0.1966172307729721,-0.8690365552902222
0.7,43,0.6999991536140442,0.12182162702083588,-0.15490248799324036,-0.914275586605072
0.7,44,0.699999988079071,0.23428156971931458,-0.15490198135375977,-0.6302618980407715
0.7,45,0.6997535228729248,0.10540769249200821,-0.15505491197109222,-0.9771276712417603
0.7,46,0.6997950077056885,0.16871964931488037,-0.15502916276454926,-0.772834300994873
0.7,47,0.6999973654747009,0.029005207121372223,-0.1549035906791687,-1.5375239849090576
0.7,48,0.6997550129890442,0.19013787806034088,-0.1550539880990982,-0.720931351184845
0.7,49,0.6515436172485352,0.2626035511493683,-0.18605650961399078,-0.5806994438171387
1.0,0,0.9999999403953552,0.1580379605293274,-2.5885969093217638e-08,-0.8012385834994135
1.0,1,0.7658364772796631,0.056004598736763,-0.11586395177262594,-1.2517763100652495
1.0,2,0.9999871850013732,0.0846123397350311,-5.5655188503600575e-06,-1.072566295494863
1.0,3,1.0,0.1239680051803588,0.0,-0.9066903871487606
1.0,4,0.8683637380599976,0.0690699517726898,-0.0612983205115592,-1.160710847234942
1.0,5,0.9999985694885254,0.2364018410444259,-6.212636840846556e-07,-0.6263491455897597
1.0,6,0.9999979734420776,0.0579708069562912,-8.801238147509376e-07,-1.2367906541880482
1.0,7,0.9154831171035768,0.1210845112800598,-0.03834966033701188,-0.9169114067810563
1.0,8,0.9999977350234984,0.0751140415668487,-9.83667910267702e-07,-1.1242788698536483
1.0,9,0.868845522403717,0.0285898894071578,-0.06105743267833035,-1.5437875245984296
1.0,10,0.7467596530914307,0.1475796550512313,-0.12681915472015753,-0.8309735090982764
1.0,11,0.7862988114356995,0.2117864489555359,-0.10441238081002763,-0.6741018314434049
1.0,12,0.901518166065216,0.0826360434293747,-0.04502551759117142,-1.0828304847837558
1.0,13,0.9999635815620422,0.026887759566307,-1.5816614654540612e-05,-1.5704453840365333
1.0,14,0.8427000641822815,0.1135388761758804,-0.07432697300173369,-0.9448554087985508
1.0,15,0.9996169805526732,0.1687105149030685,-0.00016637509691886455,-0.7728578491116952
1.0,16,0.6772344708442688,0.1236049532890319,-0.16926094466166824,-0.9079641251777012
1.0,17,0.9999856352806092,0.0510627776384353,-6.23856317320686e-06,-1.291895564771977
1.0,18,0.8467418551445007,0.1435091942548751,-0.07224897216524737,-0.8431202739387429
1.0,19,0.601897656917572,0.221430629491806,-0.22047734730446703,-0.6547623053217283
1.0,20,0.999996781349182,0.0906159877777099,-1.397844539010962e-06,-1.0427951710751335
1.0,21,1.0,0.0949974805116653,0.0,-1.0222879127573716
1.0,22,0.9999929070472716,0.0420578271150589,-3.0804411550617996e-06,-1.3761531685568862
1.0,23,0.9999170303344728,0.0726149827241897,-3.603476282061762e-05,-1.1389737616262958
1.0,24,0.905372440814972,0.1241141259670257,-0.043172729394714386,-0.9061787867494427
1.0,25,0.9107184410095216,0.083984300494194,-0.04061586936728793,-1.075801890675944
1.0,26,0.7501150369644165,0.1518074125051498,-0.12487212849128511,-0.8187070220407492
1.0,27,1.0,0.1821324825286865,0.0,-0.7396125927831537
1.0,28,0.9999988079071044,0.3542975783348083,-5.177196750683637e-07,-0.450631816110018
1.0,29,0.935184359550476,0.2393242418766021,-0.02910276512436365,-0.62101330815627
1.0,30,0.9999982118606568,0.0452662259340286,-7.765797439210562e-07,-1.3442257132439097
1.0,31,1.0,0.0966700762510299,0.0,-1.0147079388459401
1.0,32,0.9823119044303894,0.0898895114660263,-0.007750592798285082,-1.0462909798815507
1.0,33,0.9999707341194152,0.2269821316003799,-1.271019643448296e-05,-0.644008329823587
1.0,34,0.999990463256836,0.1327006965875625,-4.141774680984764e-06,-0.8771267973816795
1.0,35,0.9999536871910096,0.1603544503450393,-2.0113863154302304e-05,-0.7949189825177498
1.0,36,0.877123236656189,0.1415011286735534,-0.0569393835556253,-0.8492400960072445
1.0,37,0.9999567866325378,0.0694939196109771,-1.8767732544654905e-05,-1.158053192459103
1.0,38,0.9999999403953552,0.077780857682228,-2.5885969093217638e-08,-1.1091272722376058
1.0,39,0.7614650726318359,0.0791189223527908,-0.11835001236883293,-1.1017196367220967
1.0,40,0.9999937415122986,0.0811132341623306,-2.718035179188084e-06,-1.09090828198152
1.0,41,0.7667505741119385,0.0355616062879562,-0.11534589016314428,-1.4490186305409567
1.0,42,0.9216843247413636,0.0972165018320083,-0.035417798575212864,-1.0122600103175223
1.0,43,0.9998798966407776,0.1645340472459793,-5.216335872835108e-05,-0.7837442192881762
1.0,44,0.9999315142631532,0.0771471112966537,-2.9743996133021057e-05,-1.112680331057872
1.0,45,0.7688685655593872,0.1959684640169143,-0.11414789443900732,-0.7078138113240064
1.0,46,0.9783567786216736,0.1241394281387329,-0.009502741602111467,-0.9060902595689942
1.0,47,1.0,0.1125431209802627,0.0,-0.9486810454134805
1.0,48,1.0,0.1992147415876388,0.0,-0.7006785275926212
1.0,49,0.9994783401489258,0.099399596452713,-0.00022661310737226767,-1.0026153787688405
1.5,0,1.0930309295654297,0.17347094416618347,0.03863245248794556,-0.760773241519928
1.5,1,1.4999979734420776,0.04985598474740982,0.17609067261219025,-1.302282691001892
1.5,2,1.4000195264816284,0.08447171002626419,0.14613409340381622,-1.0732886791229248
1.5,3,1.4999996423721313,0.10632748901844025,0.17609114944934845,-0.9733544588088989
1.5,4,1.4999994039535522,0.060254111886024475,0.17609108984470367,-1.2200132608413696
1.5,5,1.4822224378585815,0.18084648251533508,0.17091339826583862,-0.7426899671554565
1.5,6,1.4999970197677612,0.0533091202378273,0.17609040439128876,-1.2731984853744507
1.5,7,1.0813648700714111,0.119932621717453,0.033972255885601044,-0.9210626482963562
1.5,8,1.116668939590454,0.07734479010105133,0.04792443662881851,-1.1115689277648926
1.5,9,0.9261757135391235,0.028364039957523346,-0.03330661356449127,-1.547231912612915
1.5,10,1.499948263168335,0.011587612330913544,0.176076278090477,-1.9360060691833496
1.5,11,1.1665328741073608,0.11821217834949493,0.06689698994159698,-0.9273377656936646
1.5,12,1.2735645771026611,0.14244988560676575,0.10502097755670547,-0.8463379144668579
1.5,13,0.9926493167877197,0.14193719625473022,-0.00320415198802948,-0.8479037880897522
1.5,14,0.9066157937049866,0.21329955756664276,-0.04257671907544136,-0.6710100173950195
1.5,15,1.4999998807907104,0.07168503850698471,0.1760912388563156,-1.1445715427398682
1.5,16,1.4998725652694702,0.026350952684879303,0.17605437338352203,-1.579203724861145
1.5,17,1.2251405715942383,0.10386448353528976,0.08818592131137848,-0.9835329055786133
1.5,18,1.001521110534668,0.18305733799934387,0.0006601079949177802,-0.7374128699302673
1.5,19,1.2528921365737915,0.10548872500658035,0.09791368246078491,-0.9767939448356628
1.5,20,1.4999898672103882,0.04830026626586914,0.1760883331298828,-1.3160505294799805
1.5,21,0.7740845084190369,0.14953885972499847,-0.1112116202712059,-0.8252459764480591
1.5,22,1.4999996423721313,0.13153144717216492,0.17609114944934845,-0.8809704184532166
1.5,23,1.355233073234558,0.03264112025499344,0.13201399147510529,-1.4862349033355713
1.5,24,1.2198076248168945,0.0902775377035141,0.0862913429737091,-1.0444202423095703
1.5,25,1.432729959487915,0.09091878682374954,0.15616434812545776,-1.0413463115692139
1.5,26,1.3732999563217163,0.04081092029809952,0.13776540756225586,-1.389223575592041
1.5,27,1.4998950958251953,0.06507838517427444,0.17606090009212494,-1.18656325340271
1.5,28,1.499918818473816,0.09952623397111893,0.1760677546262741,-1.002062439918518
1.5,29,1.4991297721862793,0.11612853407859802,0.17583923041820526,-0.9350610375404358
1.5,30,1.0303995609283447,0.19762399792671204,0.013005664572119713,-0.7041603326797485
1.5,31,1.4999988079071045,0.21889957785606384,0.17609092593193054,-0.6597550511360168
1.5,32,0.9612832069396973,0.2542600631713867,-0.017148645594716072,-0.5947218537330627
1.5,33,1.4999982118606567,0.043324604630470276,0.17609074711799622,-1.3632653951644897
1.5,34,1.1626715660095215,0.09603969007730484,0.0654570534825325,-1.0175492763519287
1.5,35,1.2195676565170288,0.08854580670595169,0.08620589971542358,-1.052832007408142
1.5,36,1.4039257764816284,0.1758527159690857,0.14734415709972382,-0.7548509240150452
1.5,37,0.9888830184936523,0.14287766814231873,-0.004855080973356962,-0.8450356721878052
1.5,38,1.4996849298477173,0.122976154088974,0.17600002884864807,-0.910179078578949
1.5,39,1.1231517791748047,0.13486948609352112,0.05043845251202583,-0.8700863122940063
1.5,40,1.4999436140060425,0.06632004678249359,0.17607493698596954,-1.1783552169799805
1.5,41,1.4999998807907104,0.07263069599866867,0.1760912388563156,-1.1388797760009766
1.5,42,1.0411570072174072,0.07660412788391113,0.017516225576400757,-1.1157478094100952
1.5,43,1.137137532234192,0.08248934894800186,0.05581299588084221,-1.0836021900177002
1.5,44,1.344822883605957,0.033710576593875885,0.12866508960723877,-1.472233772277832
1.5,45,1.337092638015747,0.08771497011184692,0.12616150081157684,-1.0569262504577637
1.5,46,1.1673157215118408,0.169973686337471,0.0671883299946785,-0.7696183323860168
1.5,47,1.3019614219665527,0.07587430626153946,0.1145981177687645,-1.1199052333831787
1.5,48,0.9577528834342957,0.18587659299373627,-0.01874653249979019,-0.7307752966880798
1.5,49,0.9024064540863037,0.13537314534187317,-0.0445978082716465,-0.8684674501419067
2.0,0,1.4137226343154907,0.1563938856124878,0.15036421129810734,-0.8057802301551019
2.0,1,1.9999933242797847,0.0450315922498703,0.30102854604733575,-1.3464826967610948
2.0,2,1.9999971389770508,0.0674161165952682,0.3010293744002971,-1.1712362679796928
2.0,3,1.9999996423721316,0.0868703126907348,0.3010299180060693,-1.0611286152359916
2.0,4,1.921757936477661,0.0567942708730697,0.2836986832947519,-1.2456954715724813
2.0,5,1.9999971389770508,0.1280201375484466,0.3010293744002971,-0.8927217105217371
2.0,6,1.9999996423721316,0.0476323068141937,0.3010299180060693,-1.322098385265327
2.0,7,1.2856295108795166,0.1182693690061569,0.10911583284756596,-0.9271277202421541
2.0,8,1.3569890260696411,0.0766105949878692,0.13257633554723117,-1.1157111647462798
2.0,9,1.105423092842102,0.028185561299324,0.04352853296978316,-1.549973312031594
2.0,10,1.9998772144317627,0.0115708410739898,0.30100333229813225,-1.9366350714271088
2.0,11,1.9997355937957764,0.080661803483963,0.3009725767906833,-1.0933320720088222
2.0,12,1.589189887046814,0.1274660378694534,0.20117579272001107,-0.8946055135096914
2.0,13,1.2166649103164673,0.136696383357048,0.08517098279948314,-0.8642429756213154
2.0,14,1.8723175525665283,0.1151983588933944,0.2723795087351735,-0.9385537077931861
2.0,15,1.9198262691497805,0.0648533254861831,0.28326192986847243,-1.1880677496759666
2.0,16,1.6245458126068115,0.0264872759580612,0.21073196306899714,-1.5769627037342586
2.0,17,1.2339478731155396,0.1106738448143005,0.09129681375197017,-0.9559550023818059
2.0,18,1.568983793258667,0.1322074830532074,0.19561845758650176,-0.8787439627267631
2.0,19,1.9485024213790891,0.0798291265964508,0.28970094982125394,-1.0978386222812087
2.0,20,1.9999687671661377,0.0436537712812423,0.30102321348732414,-1.359978231319607
2.0,21,1.1175225973129272,0.1389665901660919,0.04825631371814558,-0.8570895986707454
2.0,22,1.05317223072052,0.193137988448143,0.022499399423929492,-0.7141322961285315
2.0,23,1.7896325588226318,0.0312426090240478,0.2527638722890537,-1.5052527059908103
2.0,24,1.6580321788787842,0.0803632289171218,0.2195929550284136,-1.0949426220393113
2.0,25,1.9999995231628416,0.0755875706672668,0.3010298921200955,-1.1215496123613327
2.0,26,1.3876237869262695,0.0411111712455749,0.14227173599726045,-1.38604015011714
2.0,27,1.999466061592102,0.0559266358613967,0.3009140369324741,-1.2523813038752785
2.0,28,1.3333033323287964,0.11660897731781,0.12492896454531868,-0.9332680134748963
2.0,29,1.0982465744018557,0.0848677605390548,0.04069985730891141,-1.071257257683874
2.0,30,1.0751774311065674,0.147760197520256,0.03148013959297999,-0.8304425370189527
2.0,31,1.3805110454559326,0.1687061488628387,0.1400398857752612,-0.772869088314635
2.0,32,1.4046722650527954,0.2904514074325561,0.14757500745656568,-0.5369265147335889
2.0,33,1.2027848958969116,0.2288187444210052,0.0801879657621914,-0.6405084017969841
2.0,34,1.7057775259017944,0.0438417345285415,0.2319223881599493,-1.358112272012907
2.0,35,1.5027523040771484,0.0883397310972213,0.17688740251802873,-1.0538439270514866
2.0,36,1.8379356861114504,0.0739117264747619,0.2643303102842648,-1.1312866530900867
2.0,37,1.2265759706497192,0.2192052751779556,0.08869445234849693,-0.6591489987592437
2.0,38,1.1480573415756226,0.1421590447425842,0.05996358014205285,-0.8472255034949492
2.0,39,1.999849796295166,0.0957654565572738,0.3009973781190614,-1.0187911165155907
2.0,40,1.9999974966049197,0.0874705463647842,0.3010294520583063,-1.0581381607448928
2.0,41,1.648486614227295,0.067395195364952,0.21708542500612105,-1.171371063418173
2.0,42,1.626876950263977,0.0758101791143417,0.2113547060762081,-1.1202724772652066
2.0,43,1.502277135848999,0.0730032324790954,0.17675005748011385,-1.1366579095130598
2.0,44,1.9999204874038696,0.0636299699544906,0.30101272937988655,-1.196338281833743
2.0,45,1.083087682723999,0.0351236015558242,0.034663616903932847,-1.4544009581524628
2.0,46,2.0,0.068073883652687,0.3010299956639812,-1.167019471948383
2.0,47,1.3323643207550049,0.1666084676980972,0.12462299424828095,-0.7783029298133574
2.0,48,1.4514117240905762,0.0769160985946655,0.16179062686683915,-1.11398275253781
2.0,49,1.2231274843215942,0.166543960571289,0.08747172510820939,-0.7784711116255798
3.0,0,2.732121229171753,0.073954701423645,0.4364999658704947,-1.1310342119653396
3.0,1,2.999990224838257,0.0343828052282333,0.4771198396177554,-1.463658692935713
3.0,2,2.999990463256836,0.0480852723121643,0.4771198741324909,-1.317987920153692
3.0,3,2.0792341232299805,0.0976758003234863,0.31790339395009337,-1.0102130216219916
3.0,4,2.9999942779541016,0.0395268201828002,0.47712042636788615,-1.4031081219739945
3.0,5,2.9999818801879883,0.070706158876419,0.4771186316002841,-1.1505427552335525
3.0,6,2.9999988079071045,0.0367940217256546,0.477121082146506,-1.4342227395458687
3.0,7,1.8587056398391724,0.1028042733669281,0.2692106167133558,-0.9879888322171781
3.0,8,2.7577333450317383,0.0485951155424118,0.44055227040401124,-1.3134073809348918
3.0,9,2.6568026542663574,0.0224545747041702,0.42435929647043147,-1.648695166180479
3.0,10,2.9997718334198,0.0109352767467498,0.4770882229679443,-1.9611702214909579
3.0,11,2.35836124420166,0.0779941827058792,0.3726103293202149,-1.1079377885012118
3.0,12,2.5544912815093994,0.0754130333662033,0.4073044247717292,-1.1225535900736194
3.0,13,2.388263463973999,0.0811041891574859,0.378082234785061,-1.0909567132241882
3.0,14,1.563122034072876,0.1800107210874557,0.1939928850285125,-0.7447016283941114
3.0,15,2.3537564277648926,0.0590626150369644,0.37176151902111515,-1.2286873282652615
3.0,16,1.8936631679534912,0.0266220271587371,0.27730273216018575,-1.5747588778495558
3.0,17,1.6059688329696655,0.1096707731485366,0.20573711267327605,-0.9599090948636692
3.0,18,2.9992876052856445,0.057905301451683,0.47701811277508777,-1.2372816731324527
3.0,19,3.000000238418579,0.0504748076200485,0.4771212892342855,-1.2969253276534778
3.0,20,2.9999775886535645,0.0339990705251693,0.4771180103328476,-1.468532955643267
3.0,21,2.1151161193847656,0.0943461060523986,0.32533421503197013,-1.025276019768837
3.0,22,2.9997589588165283,0.0580746084451675,0.477086359032463,-1.2360137096495758
3.0,23,1.7965489625930786,0.0486948490142822,0.2544390578302465,-1.312516976423718
3.0,24,2.644587278366089,0.0273987203836441,0.4223579044566484,-1.5622697197817799
3.0,25,2.8219382762908936,0.0517423599958419,0.4505475102831662,-1.2861537667714424
3.0,26,2.204256772994995,0.0793083608150482,0.34326218391813285,-1.1006810262456113
3.0,27,2.007585048675537,0.0383928120136261,0.3026739526496436,-1.4157500775862704
3.0,28,2.086556196212769,0.0610573291778564,0.31943008584928667,-1.2142621969041754
3.0,29,1.8141907453536987,0.1020473539829254,0.2586829471670181,-0.9911982517564627
3.0,30,2.6594269275665283,0.0526133179664611,0.4247880618156068,-1.2789043093207277
3.0,31,2.3762283325195312,0.0846283286809921,0.37588816980612166,-1.072484235891956
3.0,32,1.6024174690246582,0.1739707440137863,0.2047756708459662,-0.7595237791981513
3.0,33,2.1209497451782227,0.1623727530241012,0.32653037825236775,-0.7894868458095139
3.0,34,2.601276159286499,0.0930423736572265,0.4151864606494393,-1.0313192186032776
3.0,35,2.261784791946411,0.0413103848695755,0.3544512795830209,-1.3839407588855714
3.0,36,1.4971730709075928,0.1014616638422012,0.1752720070201209,-0.9936980200832523
3.0,37,1.835010290145874,0.0836893767118454,0.2636385039783211,-1.0773296665973446
3.0,38,1.93425452709198,0.1376780271530151,0.2865136219901598,-0.8611353658261807
3.0,39,2.9999585151672363,0.0552193969488143,0.47711524913348824,-1.2579083406020863
3.0,40,1.6903891563415527,0.1454018056392669,0.2279866981023898,-0.837430200256205
3.0,41,2.9999845027923584,0.0563554316759109,0.47711901126328,-1.2490642192240615
3.0,42,2.7858591079711914,0.0472273677587509,0.44495914863571695,-1.3258062593715627
3.0,43,2.7000956535339355,0.0551039427518844,0.43137914973903346,-1.258817325755722
3.0,44,1.5953949689865112,0.070690631866455,0.2028682181872919,-1.1506381363909253
3.0,45,1.756861448287964,0.0790183544158935,0.24473751299408789,-1.1022720188906965
3.0,46,2.999997854232788,0.0249159187078475,0.4771209440879315,-1.6035230947504913
3.0,47,2.999999761581421,0.0472163707017898,0.47712122020503667,-1.3259073981289822
3.0,48,2.3657617568969727,0.0959448665380477,0.37397100703973213,-1.017978256924758
3.0,49,2.9997661113739014,0.0439782440662384,0.47708739455316246,-1.3567621148471516
5.0,0,4.505582332611084,0.0338541865348815,0.6537509301642275,-1.4703876171835435
5.0,1,2.40118145942688,0.0509817600250244,0.3804249813189836,-1.2925851756152422
5.0,2,2.890723466873169,0.0678064227104187,0.461006548068019,-1.1687291672600124
5.0,3,4.861806392669678,0.0268202573060989,0.6867976603342677,-1.5715370599638054
5.0,4,2.6721131801605225,0.0618827641010284,0.42685484919205097,-1.2084302960228652
5.0,5,3.625701665878296,0.0612777322530746,0.5593920661154812,-1.2126973153108263
5.0,6,4.999903678894043,0.0191415548324584,0.6989616379104706,-1.7180227882033041
5.0,7,3.911602735519409,0.0403712838888168,0.5923547411736956,-1.3939274389235414
5.0,8,2.600024461746216,0.0683280378580093,0.414977433952135,-1.1654010505150487
5.0,9,2.2428348064422607,0.025833711028099,0.3507972872733063,-1.5878132026822496
5.0,10,4.740890502929688,0.0097260773181915,0.6758599248353926,-2.012062282297098
5.0,11,4.538685321807861,0.032261699438095,0.6569300730843556,-1.491312759168152
5.0,12,4.999990940093994,0.0244456082582473,0.6989692174018689,-1.6117991521038117
5.0,13,4.998208522796631,0.0288869142532348,0.6988143707201703,-1.5392988477150682
5.0,14,2.8389158248901367,0.0969785004854202,0.45315251569328086,-1.0133245353776639
5.0,15,2.73838472366333,0.0604434162378311,0.4374944633839746,-1.2186509974880357
5.0,16,4.99835729598999,0.0164035558700561,0.6988272974348255,-1.7850619978456013
5.0,17,2.696962594985962,0.0804508030414581,0.4308749231292561,-1.094469616515438
5.0,18,2.845459461212158,0.0825226455926895,0.45415240266714285,-1.083426857433146
5.0,19,2.3942222595214844,0.0943208038806915,0.37916446420040706,-1.0253925064767855
5.0,20,4.999828338623047,0.0195413082838058,0.698955093762307,-1.7090463637790956
5.0,21,3.225419759750366,0.0621107369661331,0.5085862422210459,-1.2068333176643489
5.0,22,4.998176097869873,0.0247441381216049,0.6988115533082156,-1.606527668769369
5.0,23,4.999829292297363,0.0191399753093719,0.6989551766002418,-1.718058626800056
5.0,24,4.580862998962402,0.0185655504465103,0.6609473034145125,-1.7312921699315948
5.0,25,3.591880798339844,0.0435151159763336,0.555321915555891,-1.361359854659991
5.0,26,3.4665606021881104,0.0544033199548721,0.5398987969091829,-1.2643745967340583
5.0,27,2.8692593574523926,0.0344281196594238,0.4577698066703654,-1.463086696256593
5.0,28,4.408200263977051,0.0282014310359954,0.6442613162349556,-1.54972885355058
5.0,29,4.999509811401367,0.0245968550443649,0.698927425008099,-1.609120418270297
5.0,30,4.037324905395508,0.0355059802532196,0.6060937008451747,-1.4496984927973107
5.0,31,2.520620584487915,0.1031729578971862,0.4015074785744212,-0.9864341183580861
5.0,32,2.41914701461792,0.1473775804042816,0.38366226178777124,-0.8315685778559394
5.0,33,3.685577869415283,0.0597996860742569,0.5665055914685,-1.2233010958874388
5.0,34,3.347340583801269,0.0723419487476348,0.5246999030181694,-1.140609796390751
5.0,35,3.292087316513061,0.0358988642692565,0.5174713455490123,-1.444919290959204
5.0,36,2.3507564067840576,0.0919366478919982,0.37120762841437305,-1.0365113351359339
5.0,37,3.716868162155152,0.0416562408208847,0.5701771568815858,-1.380319924604521
5.0,38,3.20327377319336,0.0704422295093536,0.50559405796014,-1.1521669069880287
5.0,39,3.0603249073028564,0.0732688903808593,0.48576753692539804,-1.1350803855746683
5.0,40,2.976416826248169,0.0774140805006027,0.47369375102143435,-1.1111800402530523
5.0,41,3.8422634601593018,0.0447257012128829,0.5845871406845734,-1.3494428418059012
5.0,42,4.693877696990967,0.0257705450057983,0.6715317694948016,-1.5888763967184802
5.0,43,3.030616521835327,0.0624155700206756,0.4815309865203431,-1.2047070588659665
5.0,44,3.488697052001953,0.0511398464441299,0.5426632582540142,-1.2912405803489317
5.0,45,3.747327089309693,0.0404757410287857,0.5737216025900573,-1.3928051914500288
5.0,46,4.999948978424072,0.0153582543134689,0.6989655726356309,-1.8136581453144567
5.0,47,4.999997138977051,0.0228002220392227,0.6989697558306518,-1.6420609236162287
5.0,48,4.999778747558594,0.0269427895545959,0.6989507861679269,-1.5695574410759379
5.0,49,4.4024529457092285,0.0298219323158264,0.6436947228385104,-1.525464219806154
8.0,0,3.888450860977173,0.0860788226127624,0.5897766150717005,-1.0651036819225437
8.0,1,4.8353705406188965,0.0281945616006851,0.6844297602349573,-1.5498346539000136
8.0,2,7.974992752075195,0.0103920251131057,0.901730297028883,-1.9832998124286727
8.0,3,4.799363136291504,0.0395320057868957,0.6811836113871121,-1.4030511497328912
8.0,4,7.164781093597412,0.0116276144981384,0.8552029258854885,-1.9345093752595879
8.0,5,7.999810695648193,0.0108573734760284,0.9030797101409286,-1.964275222889782
8.0,6,5.179477691650391,0.0241117030382156,0.7142859668743893,-1.6177721138042649
8.0,7,7.999991416931152,0.0098854154348373,0.9030895210442638,-2.005005074730048
8.0,8,7.9990925788879395,0.0101932138204574,0.9030407232002367,-1.991688865607404
8.0,9,3.9405221939086914,0.0207123309373855,0.595553777892997,-1.683771023449383
8.0,10,5.293436527252197,0.0102460533380508,0.7237377098914434,-1.989443387639763
8.0,11,7.99564790725708,0.0125954896211624,0.9028536614713295,-1.8997849456223148
8.0,12,5.419467449188232,0.0270784348249435,0.7339566121394547,-1.5673764421484546
8.0,13,5.678772449493408,0.027909442782402,0.7542544666920352,-1.5542488342008627
8.0,14,5.211948871612549,0.0325163751840591,0.717000146701819,-1.4878978740651507
8.0,15,7.763449668884277,0.0097637325525283,0.8900547417810043,-2.0103841252556625
8.0,16,7.996785640716553,0.0122915804386138,0.9029154546140276,-1.9103922723909805
8.0,17,6.048428058624268,0.0198673605918884,0.781642519417741,-1.7018598257194504
8.0,18,6.8218255043029785,0.0160296410322189,0.8339006063807385,-1.7950762031275824
8.0,19,3.6691317558288574,0.0786570757627487,0.5645633072321103,-1.1042622034094753
8.0,20,6.9945807456970215,0.0116634964942932,0.8447616880505613,-1.9331712368373075
8.0,21,3.936288833618164,0.0665042400360107,0.5950869582156739,-1.17715066498952
8.0,22,6.628036975860596,0.0165988951921463,0.8213849225546962,-1.7799208172564511
8.0,23,4.043142795562744,0.0384759604930877,0.6067190800004563,-1.4148105298683809
8.0,24,4.9196457862854,0.0220894217491149,0.6919338347593298,-1.6558156528227954
8.0,25,6.824801921844482,0.0146157145500183,0.834090051244183,-1.8351799474947692
8.0,26,6.973516941070557,0.0143491625785827,0.8434518602906825,-1.8431734437462126
8.0,27,4.3263115882873535,0.027935117483139,0.6361177948535766,-1.5538494978434017
8.0,28,5.689077854156494,0.0214725881814956,0.755041877061708,-1.668115605065532
8.0,29,4.424442291259766,0.0454084426164627,0.6458585348997788,-1.3428633929388267
8.0,30,7.506431579589844,0.0172810703516006,0.8754335304002826,-1.7624293617762394
8.0,31,7.99679708480835,0.0208679437637329,0.9029160761265433,-1.6805203423125816
8.0,32,4.747147083282471,0.0424594581127166,0.6764326878945499,-1.3720255528021146
8.0,33,3.736315488815308,0.144453763961792,0.5724435402739969,-0.8402711374712948
8.0,34,7.609309196472168,0.0222226679325103,0.88134523156979,-1.6532038032343581
8.0,35,7.999794960021973,0.0084083229303359,0.9030788558829195,-2.075290617130894
8.0,36,5.786778450012207,0.021293818950653,0.7624368554793204,-1.6717464428143924
8.0,37,7.80577802658081,0.0106410831212997,0.8924161970603,-1.9730141643658803
8.0,38,5.6766533851623535,0.0242519676685333,0.7540923771376922,-1.6152530194155859
8.0,39,5.174365043640137,0.0336579382419586,0.7138570642812166,-1.4729124907833846
8.0,40,7.9965128898620605,0.0109623074531555,0.902900641635851,-1.9600980217003803
8.0,41,4.650439739227295,0.0451385378837585,0.6674940211244433,-1.3454525125887768
8.0,42,4.86680793762207,0.0338919460773468,0.687244207702976,-1.469903493234391
8.0,43,7.999897003173828,0.0103451013565063,0.9030843955867924,-1.985265249961441
8.0,44,7.083984851837158,0.0284316092729568,0.8502776238378329,-1.5461985578760271
8.0,45,6.027909278869629,0.0216808766126632,0.7801667074808827,-1.6639231621546011
8.0,46,7.999894618988037,0.0081763565540313,0.9030842661552652,-2.0874401781105476
8.0,47,6.582930088043213,0.0152742862701416,0.8184192428274155,-1.8160390741250811
8.0,48,4.018642902374268,0.0846066325902938,0.604079416388944,-1.072595589863381
8.0,49,7.1503071784973145,0.0139288306236267,0.8543246995718121,-1.8560853426588566
